"SubIn","Goals","Assists","AverageGoalspermatch","AverageAssistspermatch","Yellow","Red","SpG","AW","Tackle","Int","Fouls","OffWon","Clr","WasDribbled","BlkShots","OG","KeyPasses","Dribbles","Fouled","Offs","Disp","Trn","Avg.Passes","PassSuc%","Crosses","LB","TB","Ballond'OrNominee"
4,64,15,"1.032258065","0.241935484",13,0,"7.087096774","1.632258065","0.529032258","0.261290323","0.761290323","0.025806452","0.674193548","0.209677419","0.025806452",1,"1.716129032","1.85483871","2.322580645","1.087096774","1.732258065","1.764516129","33.82903226","78.38064516","0.274193548","0.716129032","0.183870968","Yes"
7,62,18,"1.148148148","0.333333333",1,0,"4.774074074","0.22037037","0.57962963","0.3","0.359259259",0,0,"0.238888889",0,0,"1.501851852","3.494444444","2.157407407","0.438888889","2.437037037","1.116666667","53.26851852","85.30185185","0.22037037","1.753703704","0.37962963","Yes"
6,17,23,"0.326923077","0.442307692",6,0,"2.3","0.446153846","1.069230769","0.988461538","1.048076923",25,"0.117307692","1.142307692","0.076923077",0,"2.755769231","4.390384615","2.332692308","0.430769231","3.244230769","1.415384615","52.97307692","86.02692308","1.392307692","2.915384615","0.301923077","Yes"
1,48,21,"0.786885246","0.344262295",14,2,"4.673770492","2.132786885","0.555737705","0.4","2.07704918",0,"0.940983607","0.367213115","0.085245902",0,"1.918032787","0.785245902","1.296721311","1.614754098","2.144262295","2.467213115","41.55245902","74.49344262","0.329508197","1.721311475","0.329508197","Yes"
2,22,16,"0.578947368","0.421052632",6,0,3,"0.65",1,"0.35","1.9",0,0,"0.45",0,0,"1.85","3.25","4.6","0.8","1.8","2.3","39.65","83.76488294","0.55","0.8","0.35","Yes"
14,5,20,"0.079365079","0.317460317",6,0,"1.32467998","0.046111396","1.419150026","0.548643113","0.613415259",0,"0.307629288","0.492780338","0.080952381",0,"1.376036866","2.518023554","1.72734255","0.065335381","1.475985663","0.773476703","74.14126984","91.04755428","0.128827445","3.225652842","0.518228367","Yes"
5,36,10,"0.654545455","0.181818182",9,0,"3.538181818","1.265454545","0.601818182","0.338181818","1.136363636",0,"1.227272727","0.210909091","0.16",0,"1.567272727","0.76","1.216363636","1.130909091","1.941818182","1.229090909","25.41272727","79.48727273","1.076363636","1.032727273","0.090909091","Yes"
10,15,9,"0.405405405","0.243243243",1,0,"3.135135135","0.454054054","1.172972973","0.875675676","1.040540541",0,"0.235135135","0.902702703","0.032432432",0,"1.92972973","2.4","1.464864865","0.516216216","1.572972973","1.056756757","31.29189189","83.15675676","1.051351351","0.697297297","0.454054054","Yes"
2,31,14,"0.607843137","0.274509804",10,0,"4.376470588","1.547058824","0.878431373","1.052941176","0.743137255","0.080392157","1.466666667","0.390196078","0.119607843",1,"2.01372549","1.654901961","1.156862745","0.292156863","1.388235294","1.52745098","32.31568627","78.61293775","1.651260504","1.229971989","0.178431373","Yes"
1,9,12,"0.155172414","0.206896552",10,0,"1.934482759","0.35862069","2.055172414","1.489655172","0.967241379",0,"0.420689655","1.255172414","0.124137931",0,"2.637931034","1.134482759","1.612068966","0.055172414","1.256896552","0.505172414","71.95517241","87.14651479","1.977586207","9.432758621","0.722413793","Yes"
1,38,1,"0.745098039","0.019607843",12,0,"3.458823529","1.839215686","0.421568627","0.154901961","1.939215686",0,"0.605882353","0.066666667","0.096078431",0,"0.78627451","0.892156863","2.070588235","0.943137255","2.690196078","2.774509804","22.62156863","81.21568627","0.096078431","0.623529412","0.066666667","Yes"
0,17,9,"0.309090909","0.163636364",10,0,"1.989090909","0.92","1.316363636","1.014545455","1.283636364",0,"0.730909091","0.996363636","0.054545455",0,"1.287272727","1.112727273","0.909090909","0.018181818","1.207272727","0.770909091","77.54181818","89.20925075","0.134545455","5.490909091","0.305454545","Yes"
4,45,11,"0.737704918","0.180327869",4,1,"3.52295082","3.359016393","0.47704918","0.26557377","2.150819672",0,"0.363934426","0.31147541","0.093442623",0,"1.275409836","1.927868852","2.301639344","0.780327869","2.749180328","2.601639344","24.40655738","71.71311475","0.172131148","0.457377049","0.306557377","Yes"
2,0,18,0,"0.327272727",3,0,"0.498181818","0.569090909","1.792727273","1.696363636","0.516363636","0.147272727","1.232727273","1.078181818","0.130909091",0,"1.487272727","0.909090909","0.652727273","0.105454545","0.738181818","0.292727273","67.61818182","89.56545455","0.941818182","4.867272727","0.181818182","Yes"
8,8,13,"0.137931034","0.224137931",0,0,"1.146551724","0.068965517","0.677586207","0.706896552","0.068965517","0.018965517","0.346551724","0.415517241",0,0,"1.982758621","0.596551724","0.684482759","0.051724138","0.705172414","0.856896552","100.4206897","94.35539255","1.079310345","7.6","0.427586207","Yes"
11,14,24,"0.245614035","0.421052632",6,0,"1.005263158","0.20877193","0.88245614","0.477192982","0.664912281",0,"0.043859649","0.571929825","0.026315789",0,"2.926315789","1.149122807","1.229824561","0.464912281","1.757894737","1.650877193","44.9877193","85.31052632","1.387719298","1.405263158","0.429824561","Yes"
2,10,8,"0.2","0.16",10,0,1396,1392,2796,"1.32",1384,64,644,"1.42",204,0,996,916,"2.06",216,1084,984,73136,88524,452,8132,236,"Yes"
7,28,19,"0.49122807","0.333333333",1,0,"2.471929825","1.547368421","1.129824561","0.60877193","1.243859649",0,"0.31754386","0.780701754","0.028070175",0,"1.705263158","1.221052632","1.331578947","0.619298246","1.714035088","1.498245614","30.54385965","76.91403509","0.761403509","0.678947368","0.171929825","Yes"
3,48,10,"0.827586207","0.172413793",14,0,"5.239655172","0.482758621","1.243103448","0.546551724","1.65",0,"0.160344828","0.522413793","0.112068966",0,"2.398275862","2.687931034","1.968965517","1.179310345","2.520689655","2.5","35.19827586","75.17743914","0.577586207","1.944827586","0.437931034","Yes"
8,51,5,"0.822580645","0.080645161",15,0,"3.996774194","0.662903226","1.027419355","0.524193548","1.398387097",0,"1.34516129","0.569354839","0.148387097",0,"0.846774194","0.859677419","1.267741935","0.94516129","1.056451613","1.775806452","21.16612903","80.37096774","0.175806452","1.114516129","0.253225806","Yes"
0,4,0,"0.081632653",0,6,1,"0.77755102",2,"1.746938776","2.765306122","0.708163265","0.597959184","5.569387755","0.259183673","0.734693878",0,"0.251020408","0.263265306","1.063265306",0,"0.195918367","0.073469388","52.50204082","89.3877551",0,"5.383673469","0.026530612","Yes"
8,18,18,"0.272727273","0.272727273",4,0,"1.840909091","0.345454545","0.837878788","0.987878788","0.6",0,"0.237878788","0.677272727",0,0,"2.106060606","2.563636364","2.418181818","0.092424242","1.883333333","1.859090909","42.81060606","83.58193302","0.548484848","1.136363636","0.066666667","Yes"
3,0,7,0,175,5,0,"2.2075","0.3","1.3175","0.3925","0.7925",0,"0.3","0.3",0,0,"2.0175","1.82",2,"0.37","1.5325","1.1325","32.8125","80.6325","1.3475","1.41","0.0925","No"
3,7,6,"0.269230769","0.230769231",1,0,"1.192307692","0.338461538","0.923076923","0.807692308","0.419230769",0,"0.188461538","0.576923077","0.076923077",0,"1.161538462","0.423076923",1,"0.226923077","1.85","1.146153846","43.41923077","89.00769231","0.346153846","1.811538462","0.265384615","No"
4,6,3,"0.222222222","0.111111111",3,0,"2.6","0.1","1.3","0.6","1.1",0,"0.2","0.9",0,0,"1.6","1.4","0.9","0.6","1.7","1.2","21.6","80.8","1.2","0.9",0,"No"
0,7,9,"0.189189189","0.243243243",3,0,"2.459459459","2.035135135","1.532432432","1.502702703","0.716216216",0,"0.883783784","1.5","0.116216216",0,"1.635135135","1.283783784","1.837837838","0.167567568","1.448648649","1.02972973","42.30810811","69.2972973","0.951351351","2.086486486","0.251351351","No"
15,8,2,"0.228571429","0.057142857",9,0,"2.35","0.55",875,"0.25",625,0,"0.1","0.15",25,0,725,275,1225,75,375,1475,11625,"77.55",75,"0.35",0,"No"
8,0,1,0,"0.047619048",3,0,"0.6","0.8","1.9","1.5","1.2",0,"0.2",1,"0.1",0,"0.9","0.8",1,"0.2","1.5","1.1","22.3","80.8","0.3","0.4",0,"No"
0,8,1,"0.210526316","0.026315789",4,0,"1.6","3.3","0.9","0.7","1.2",0,"1.3","0.4","0.1",2,"0.9","0.5","1.4","0.5","1.7","1.8","26.6","68.9","0.4","0.1","0.1","No"
4,6,7,"0.171428571","0.2",7,1,"1.214285714","0.877142857","2.308571429","1.068571429","1.262857143",0,"0.574285714","0.222857143","0.145714286",0,"1.262857143","1.105714286","1.214285714","0.308571429","1.145714286","1.531428571","26.40285714","79.04857143","0.645714286","0.9","0.077142857","No"
6,4,6,"0.153846154","0.230769231",2,1,"1.5","0.6","1.1","0.7","1.1",0,"0.2","0.5","0.1",0,"2.3","0.7","1.9","0.1",2,"1.4","31.2",77,"1.4","1.5","0.3","No"
3,0,4,0,"0.25",1,0,"2.25","1.2625","1.4375","1.0125","0.6875",0,375,"0.4375",0,0,"0.45","1.1625","0.7125",0,1,"1.35","29.2","83.7125",575,625,125,"No"
2,10,3,"0.294117647","0.088235294",8,0,"2.7","0.9","1.7",1,"1.1",0,"0.3","0.4","0.1",0,"1.1","0.7","1.1","0.7","0.9","1.2","32.3","80.7","0.5",1,"0.1","No"
15,8,2,"0.228571429","0.057142857",9,0,"2.35","0.55",875,"0.25",625,0,"0.1","0.15",25,0,725,275,1225,75,375,1475,11625,"77.55",75,"0.35",0,"No"
8,7,5,"0.291666667","0.208333333",2,0,1675,225,575,"0.7",275,0,"0.2","0.2",0,0,775,1275,575,"0.55","1.45",1275,"19.15","84.8",75,0,0,"No"
2,0,2,0,"0.066666667",11,0,"0.9","0.6","3.2","1.1","2.8",0,"1.4","1.2","0.2",0,"0.8","0.9","2.7","0.1","1.7","1.1","33.3","80.2","0.4","1.8","0.1","No"
3,0,0,0,0,1,0,"1.5","0.3","1.8","0.9",2,0,"0.1",2,0,0,"0.6",2,"1.5","0.5","1.8","0.9","17.3","76.8","0.6","0.6","0.1","No"
9,0,0,0,0,1,0,"0.32173913","0.234782609","1.92173913","1.273913043","0.891304348","0.295652174","1.126086957","1.026086957","0.27826087",0,"0.160869565","0.395652174","0.634782609","0.052173913","0.369565217","0.273913043","23.02608696","77.33043478","0.32173913","1.504347826","0.073913043","No"
4,2,1,"0.181818182","0.090909091",1,0,"1.7",1,1,"0.8","0.5","0.1","0.6","0.6","0.1",0,"0.6","0.9","0.4",0,1,"0.5","17.9","78.7","0.3","1.5","0.1","No"
7,1,0,"0.04",0,10,1,"0.4","1.1","2.4","2.1","1.5",0,"2.7",1,"0.4",0,"0.1","0.2",1,0,"0.8","0.6","38.2","76.5",0,"4.2",0,"No"
3,14,9,"0.4","0.257142857",10,0,"2.9","0.6","0.9","0.5","1.2",0,"0.1","0.3",0,0,"1.6","1.6","2.7","0.6","1.4","1.1","28.6","77.5","1.3","1.1","0.1","No"
2,4,3,"0.093023256","0.069767442",8,1,"1.539130435","1.026086957","3.465217391","2.239130435","0.960869565","0.091304348","1.582608696","1.330434783","0.360869565",0,"1.056521739","0.826086957","1.22173913",0,"1.326086957","0.691304348","63.63913043","84.84347826","0.565217391","10.23043478","0.22173913","No"
7,7,8,"0.24137931","0.275862069",5,0,"1.9","0.4","1.5","1.2","0.8",0,"0.2","0.4","0.1",0,"0.9","1.1","1.5","0.2","1.1","1.4",21,"75.5","0.8","1.3","0.2","No"
0,11,5,"0.35483871","0.161290323",8,0,"2.9","4.9","2.6","1.2","2.6",0,"2.1","0.4","0.1",0,"1.3","0.6","1.5","0.4","2.4","2.5","52.5","79.3","0.1","1.8","0.1","No"
10,15,11,"0.405405405","0.297297297",3,0,"2.443243243","0.172972973","0.513513514","0.340540541","0.313513514","0.086486486","0.172972973","0.286486486",0,0,"1.118918919","1.324324324","1.059459459","0.8","1.286486486","0.913513514","15.54594595","82.61351351","0.859459459","0.286486486","0.086486486","No"
0,0,1,0,"0.037037037",4,0,"0.6","0.9","3.1","2.4","1.6",0,"1.1","1.7","0.1",0,"0.7","0.2","0.7",0,"0.3","0.6","57.5","80.7","0.1","8.3","0.1","No"
10,2,2,"0.1","0.1",1,0,"0.9","0.4","1.8","0.7","1.1","0.1","0.5","0.5","0.2",0,"0.5","0.6","0.5","0.1","0.5","0.9","21.7","88.9","0.5","0.6",0,"No"
2,0,0,0,0,3,1,"0.6","0.7","3.1","2.2","1.7","0.1","0.6","1.7","0.1",0,"0.5","1.3","1.5",0,"1.4","0.8","31.3","75.6",0,"2.7",0,"No"
5,1,4,"0.035714286","0.142857143",3,1,"0.553571429","0.389285714",1375,"1.182142857","0.835714286",0,"0.121428571","0.821428571","0.210714286",0,"1.835714286","2.285714286","2.121428571","0.178571429","1.317857143","1.032142857","47.94642857",85825,"0.478571429","2.503571429","0.357142857","No"
1,1,5,"0.03030303","0.151515152",7,0,"0.3","1.8",4,"2.6","1.3","0.2","4.3","1.3","0.2",0,"0.6","0.8","1.3",0,"0.3","0.9","28.9","71.2","0.3","0.6","0.1","No"
9,3,10,"0.068181818","0.227272727",7,0,"1.470454545","0.343181818","2.231818182","0.840909091","0.906818182",0,"0.495454545","0.784090909","0.102272727",0,"2.254545455","0.572727273","1.059090909",75,"1.347727273",1075,"42.54318182","83.26363636",1825,"2.481818182","0.165909091","No"
11,1,0,"0.066666667",0,1,0,"0.1","0.5","1.4","0.7","0.7","0.1","1.5","0.5",0,0,"0.3","0.4","0.5",0,"0.5","0.5","1.5",68,"0.3","0.3","0.1","No"
2,4,14,"0.097560976","0.341463415",3,0,"1.480487805","0.390243902","0.951219512","0.63902439","1.02195122","0.029268293","0.090243902","0.93902439",0,0,"3.258536585","1.334146341","2.480487805","0.590243902","2.751219512","2.251219512","50.29512195","85.16097561","2.209756098","2.687804878","0.451219512","No"
0,5,5,"0.131578947","0.131578947",4,0,"0.9","0.3","2.4","1.5","0.8","0.1",2,"0.6","0.2",2,"3.1","0.8","1.5",0,"0.9","0.5","43.8","82.3","2.8","1.3",0,"No"
2,11,3,"0.392857143","0.107142857",3,0,"2.9","0.7","1.8","0.9","0.8",0,"0.5","1.5","0.1",0,"2.1","1.8","2.7","0.2","2.6","1.1",42,"79.7","1.5","2.9","0.3","No"
1,0,1,0,"0.035714286",6,2,"0.4","1.5","2.1","1.9","1.9","0.3","3.5","0.5","0.3",0,"0.6","0.3",1,0,"0.9","0.5","31.3","83.9","0.4",1,0,"No"
1,4,10,125,"0.3125",2,0,"1.03125","76.21875","0.9375","0.5","0.65625",0,"0.1875","0.59375","0.09375",0,2625,"1.6875","1.40625","0.09375","1.90625","0.9375","34.09375","78.09375","2.40625","2.46875","0.1875","No"
1,1,3,"0.03125","0.09375",1,0,75,"0.784375","2.59375","2.196875","0.884375","0.434375","1.75625","0.7375","0.359375",1,"0.5625","0.40625","1.096875","0.2875","0.878125","0.846875","40.86875","75.809375","0.3","1.6625",0,"No"
4,1,1,"0.032258065","0.032258065",8,0,1,"1.7","3.3","1.3","2.7","0.1","2.2","1.3","0.3",0,"0.5","1.2","1.8",0,"1.2","1.4",33,"81.6","0.1","1.7","0.1","No"
2,2,0,"0.074074074",0,5,0,"0.6","2.6","1.5","1.4","0.8","1.6","8.8","0.4","0.7",0,"0.1","0.1","0.6",0,"0.1",0,45,"78.7",0,"3.5","0.1","No"
5,15,5,"0.441176471","0.147058824",1,0,"2.2","0.5","0.3","0.3","0.5",0,"0.1","0.1",0,0,"0.9","0.4","0.4","0.9","1.6","1.9","18.8","76.6","0.2","0.3","0.2","No"
0,0,0,0,0,4,0,"0.0875","2.9125","1.5",2425,"0.9375",775,"6.8","0.5375",1175,0,"0.15","0.4375","0.5","0.0875","0.35","0.15","33.1","82.9125",0,"2.15","0.0875","No"
7,18,3,"0.418604651","0.069767442",6,2,"2.225581395","1.313953488","1.125581395","0.637209302","0.937209302",0,"0.588372093","0.555813953","0.081395349",0,"0.83255814","0.562790698","1.53255814","0.5","0.981395349","1.044186047","27.90465116","77.73953488","0.081395349","0.818604651","0.344186047","No"
0,1,2,"0.024390244","0.048780488",9,1,"0.370731707","2.17804878","1.504878049","1.602439024","1.017073171","0.641463415","8.541463415","0.541463415","1.056097561",0,"0.114634146","0.158536585","0.3","0.085365854","0.085365854","0.114634146","19.60243902","75.54390244",0,"1.975609756",0,"No"
26,5,3,"0.15625","0.09375",2,0,"1.79375","1.44375","0.5","0.21875",875,0,"0.6625",0,"0.08125",0,"0.73125","0.3625","0.3","0.40625","0.8625","0.60625","11.1",71375,0,"0.3375",0,"No"
0,1,0,"0.033333333",0,6,0,"0.1","1.2","2.3","2.8","1.5","1.2",5,"0.6","0.7",0,"0.2","0.6","1.5",0,"0.2","0.5","41.4","91.6",0,3,0,"No"
11,18,7,"0.545454545","0.212121212",3,0,"2.506060606",2,"1.009090909","0.415151515","0.636363636",0,"0.715151515","0.821212121","0.078787879",0,"1.478787879","1.136363636","1.23030303","1.163636364","1.257575758","1.493939394","26.23333333","82.17272727","0.4","0.748484848","0.157575758","No"
1,3,5,"0.230769231","0.384615385",0,0,"2.8","0.2","1.5","0.9","0.6","0.1","0.8","1.1",0,0,"1.5","1.3","0.8","0.5","1.9","1.3","33.4","74.4","0.2","0.8","0.8","No"
3,15,3,"0.454545455","0.090909091",2,0,"2.333333333","0.824242424","1.696969697","0.6","0.993939394",0,"0.23030303","0.284848485",0,1,"1.084848485","1.484848485","1.109090909","1.478787879","3.212121212","2.16969697","21.27272727","76.11515152","0.115151515","0.521212121","0.254545455","No"
10,13,2,"0.40625","0.0625",3,0,"1.8","1.9","0.7","0.4","1.1",0,"0.3","0.2","0.2",0,"0.9","0.5","2.1","0.5","1.1","1.3",24,"69.6","0.1","0.5","0.1","No"
0,13,6,"0.40625","0.1875",7,0,"2.7","2.9","0.6","0.1",3,0,"1.3","0.1","0.3",0,1,"0.6","1.7",1,"2.7","2.1","22.2","69.3","0.1","0.4","0.2","No"
15,2,1,"0.071428571","0.035714286",0,0,1,"0.6","0.2","0.1","0.4",0,"0.1","0.1",0,0,"0.3","0.4",1,"0.4","1.5","1.1",11,"68.8",0,"0.2",0,"No"
9,8,4,"0.235294118","0.117647059",3,0,"1.4","1.8","1.1","0.2","1.3",0,"0.5","0.3","0.1",0,"0.8","0.4","1.7","0.6","1.4","1.9","15.6","69.7","0.2","0.7",0,"No"
8,15,3,"0.357142857","0.071428571",4,0,"3.161904762","0.180952381","0.480952381","0.319047619","0.738095238",0,"0.080952381","0.238095238",0,0,"0.823809524","0.380952381","0.738095238","0.519047619","1.257142857","1.666666667","13.45238095","84.31904762",0,"0.319047619","0.161904762","No"
1,10,0,"0.416666667",0,2,0,"2.5",3,"0.9","0.3","1.8",0,1,"0.6",0,1,"1.2","0.4","1.8","0.3","1.3","1.5","16.2","67.5",0,"0.3","0.1","No"
9,18,5,"0.428571429","0.119047619",2,0,"3.014285714","1.119047619","0.176190476","0.176190476","1.328571429",0,"0.647619048","0.2","0.023809524",0,"0.664285714","0.711904762","2.071428571","1.711904762","1.864285714","2.447619048","19.49285714","74.76666667",0,"0.576190476",0,"No"
10,22,7,"0.4","0.127272727",4,1,2325,"2.530909091","0.834545455","0.256363636","1.390909091",0,"0.818181818","0.298181818",0,0,"1.145454545","1.3","1.318181818","0.834545455","2.101818182","2.029090909","20.37818182","73.66909091","0.332727273","0.627272727","0.081818182","No"
0,5,1,"0.128205128","0.025641026",2,0,"0.425641026","1.861538462","0.487179487","0.312820513","0.725641026",0,"0.087179487","0.225641026",0,0,"0.848717949","0.387179487","0.725641026","0.512820513","1.238461538","1.579487179","13.27179487","84.57435897",0,"0.312820513","0.174358974","No"
17,5,1,"0.135135135","0.027027027",3,0,"1.527027027","0.878378378","1.172972973","0.705405405","1.008108108",0,"0.464864865","0.881081081","0.048648649",0,"0.32972973","0.894594595","1.464864865","0.405405405","1.532432432","0.97027027","13.72972973","82.35405405","0.091891892","0.540540541",0,"No"
6,2,4,"0.05","0.1",5,0,"0.74",915,"2.7",1415,"1.61",85,"0.63","0.53",15,0,1665,1935,1215,0,1285,"0.84",49195,90735,0,"3.24","0.1","No"
2,26,7,"0.65",175,2,0,"3.33","4.86",1055,615,"2.33",0,"0.87","0.81",85,0,1925,1425,2945,"1.16",2295,"2.02","25.97","67.18","0.17","0.67",85,"No"
0,1,1,"0.1","0.1",2,0,"0.5","2.1","2.6","1.9","0.7","0.6","5.5","0.7","0.4",0,"0.4","0.6","1.2","0.5","0.2","0.3","34.8","83.3","0.1","3.1",0,"No"
0,7,3,"0.269230769","0.115384615",7,0,"2.5","0.2",3,"0.9","0.7",0,"0.2","0.7",0,0,"1.9","1.7","1.3","0.5","2.1","1.5","39.4","80.5","1.4","2.2","0.1","No"
0,1,1,"0.027777778","0.027777778",4,0,"0.7","1.1","2.9","2.2","1.2","0.2","1.7","0.8","0.2",0,"0.4","0.4","2.2",0,1,"0.5","44.3","82.8",0,"3.4",0,"No"
0,7,11,"0.2","0.314285714",6,0,"2.1","0.4","1.7","0.6","0.9",0,"0.2","0.7","0.1",0,"2.3","1.9","2.9","0.1",2,"0.9","40.8","79.9","1.2","1.9","0.1","No"
3,10,8,"0.37037037","0.296296296",4,0,"1.9","0.3",1,"0.5","1.4",0,"0.3","0.3",0,0,"2.2","0.4",1,"0.1","1.2","1.1","29.9","71.4","2.3","1.7","0.3","No"
0,1,3,"0.027777778","0.083333333",5,0,"1.1","1.1","2.6","2.9","1.8","0.1","2.4","0.9","0.1",1,"1.1","0.9",1,"0.1","0.7","0.8","34.2","74.4","1.6","0.8",0,"No"
1,11,3,"0.314285714","0.085714286",2,0,"2.5","0.2","0.8","0.3",1,0,"0.3","0.4",0,0,"1.1","1.2","3.1","0.6","2.9","1.9","21.3","76.8","0.6","0.9","0.1","No"
0,1,0,"0.034482759",0,6,0,"0.8","3.9","3.5","2.4","1.8","1.6","6.2",1,"0.4",0,"0.2",1,"1.8",0,"0.5","0.3","38.9","79.1","0.1","4.3","0.1","No"
2,12,2,"0.363636364","0.060606061",4,0,"2.4","1.6","0.9",1,"0.7",0,"0.4","0.8","0.1",0,"0.8","1.4","1.3","0.8","1.5","1.1","25.1","77.4","0.1","1.2","0.1","No"
1,0,1,0,"0.043478261",2,0,"0.6","0.7","2.3","2.3","0.6","0.4","3.7","0.5","0.4",0,"0.8","0.4","0.8","0.1",1,"0.5","39.5","76.5","0.8","2.1",0,"No"
1,1,0,"0.033333333",0,3,0,"0.6","1.4",3,"2.7","1.4",0,"2.6","1.2","0.5",0,"0.4","0.6","0.5",0,"1.2","0.8","42.3","75.4",0,3,"0.1","No"
1,64,21,"1.333333333","0.4375",8,0,"5.820833333","0.1","0.6","0.53125","0.814583333",0,"0.077083333","0.254166667",0,0,"2.591666667","4.616666667","2.26875","0.7","2.829166667","1.622916667","67.71875","84.89583333","0.377083333","1.422916667","1.454166667","Yes"
1,59,15,"1.113207547","0.283018868",6,0,"7.041509434","0.837735849","0.547169811","0.509433962","0.743396226",0,"0.596226415","0.181132075","0.090566038",0,"1.524528302","1.513207547","2.113207547","0.856603774","1.788679245","2.120754717","36.88679245","80.32641509","0.505660377","0.939622642","0.452830189","Yes"
6,5,11,"0.12195122","0.268292683",4,0,"2.058536585","0.065853659","1.075609756","0.973170732","0.702439024",0,"0.163414634","0.497560976",0,0,"1.2","1.719512195","1.926829268","0.153658537","1.504878049","1.234146341","62.67073171","89.66585366","0.114634146","1.907317073","0.619512195","Yes"
5,11,10,"0.239130435","0.217391304",3,0,"1.5",0,"0.841304348","0.95","0.265217391",0,"0.134782609","0.213043478","0.039130435",0,"2.373913043","0.506521739","0.815217391","0.019565217","0.923913043","0.582608696","99.90434783","92.82391304","0.982608696","7.25","0.652173913","Yes"
1,24,3,"0.705882353","0.088235294",7,0,"3.6","1.6","0.6","0.3","1.7",0,"0.7","0.2","0.1",0,1,"0.5","1.9","1.2","2.8","1.9",21,"76.6",0,"0.4","0.1","Yes"
0,4,15,"0.093023256","0.348837209",6,0,"2.044186047","0.2","1.974418605","1.769767442","0.758139535",0,"0.544186047","1.258139535","0.155813953",0,"3.31627907","1.155813953","1.995348837",0,"1.844186047","0.630232558","84.18139535","86.94186047","2.430232558","10.89302326","0.844186047","Yes"
9,14,4,"0.378378378","0.108108108",3,1,2875,1425,775,525,"1.5",0,"1.35","0.5",225,0,"1.25",975,1325,625,"2.05",2275,17125,"60.15","0.25","0.5",225,"Yes"
3,35,9,"0.729166667","0.1875",9,0,"4.377083333","0.71875","0.502083333","0.34375","0.866666667","0.04375","1.14375","0.191666667","0.09375",0,"2.108333333","0.947916667","1.0625","1.183333333","2.3125","1.422916667","25.93333333","78.08333333","1.0875",675,"0.335416667","Yes"
0,35,10,"0.813953488","0.23255814",4,1,"4.258139535","1.393023256","0.955813953","0.553488372","1.813953488",0,"1.276744186","0.225581395","0.018604651",0,"2.551162791","1.839534884","1.365116279","1.413953488","2.574418605","1.993023256","44.6627907","76.39302326","0.558139535","1.93255814","0.830232558","Yes"
2,3,10,"0.057692308","0.192307692",19,0,"0.784615385","1.503846154","3.015384615",2,"1.6","0.088461538","0.811538462","1.623076923","0.238461538",0,"1.646153846","0.130769231","0.996153846",0,"0.611538462","0.365384615","80.38461538","88.32692308","0.584615385","8.957692308","0.234615385","Yes"
1,10,7,"0.23255814","0.162790698",9,0,"1.952631579","0.584210526","1.747368421","1.168421053","1.047368421",0,"0.721052632","0.947368421","0.031578947",0,"1.636842105","1.294736842","0.8","0.047368421","0.831578947","0.884210526","75.74210526","90.31052632","0.084210526","5.531578947","0.3","Yes"
0,38,17,"0.974358974","0.435897436",10,1,0,0,0,0,0,0,0,0,0,0,0,0,0,0,0,0,0,0,0,0,0,"Yes"
5,7,23,"0.14","0.46",5,1,"1.091836735","0.112244898","1.275510204","0.683673469","0.826530612","0.020408163","0.091836735","0.673469388",0,0,"3.153061224","1.153061224","1.632653061","0.367346939","1.867346939","1.979591837","49.89795918","88.79591837","1.336734694","2.316326531","0.632653061","Yes"
2,30,4,"0.75","0.1",2,0,"4.44",785,"0.64",465,945,0,585,"0.37",195,0,1505,"0.98",1025,115,"2.19","1.48","50.89",80235,285,5505,"0.17","Yes"
6,24,8,"0.6","0.2",3,0,3485,85,625,"0.53",615,0,0,"0.37",0,0,"1.64","1.48",905,"0.84",2635,"1.5","24.46",86485,85,385,115,"Yes"
0,4,6,"0.078431373","0.117647059",15,1,"0.780392157","1.619607843","2.315686275","2.033333333","1.854901961","0.590196078","3.988235294","0.364705882","0.484313725",0,"0.507843137","0.178431373","1.001960784","0.133333333","0.398039216","0.519607843","61.13137255","87.38627451","0.133333333","5.654901961","0.111764706","Yes"
3,2,1,"0.042553191","0.021276596",11,0,"0.234042553","0.978723404","2.453191489","2.742553191","0.914893617","0.157446809","1.246808511","0.546808511","0.242553191",0,"0.795744681","0.610638298","2.304255319",0,"0.738297872","0.565957447","76.83829787","91.3893617",0,"4.180851064","0.134042553","Yes"
5,2,1,"0.060606061","0.03030303",8,1,"0.508080808","0.954545455","1.507070707","1.137373737","0.605050505","0.975757576","2.549494949","0.343434343","0.427272727",0,"0.03030303","0.196969697","0.592929293",0,"0.219191919","0.327272727","45.26868687","80.3989899",0,"4.241414141","0.03030303","Yes"
9,28,14,"0.571428571","0.285714286",0,0,"3.257142857","0.471428571","0.691836735","0.316326531","0.663265306",0,"0.481632653","0.208163265","0.091836735",0,"1.512244898","0.73877551","0.593877551","0.797959184","1.732653061","1.353061224","27.81836735","81.21632653","0.091836735","0.908163265","0.316326531","Yes"
11,18,2,"0.5625","0.0625",8,2,"3.609090909","0.384848485","0.606060606","0.615151515","1.918181818",0,"0.481818182","0.166666667",0,0,"0.845454545","0.906060606","2.16969697","0.309090909","1.687878788","1.933333333","19.86060606","75.3969697","0.166666667","0.557575758","0.096969697","Yes"
4,14,8,"0.378378378","0.216216216",1,0,"1.951351351","0.167567568","1.2","0.548648649",1,0,0,"0.802702703","0.083783784",0,"1.556756757","1.708108108","1.167567568","0.467567568","2.005405405","1.667567568","35.3972973","83.42432432","0.116216216","1.705405405","0.167567568","No"
12,1,6,"0.038461538","0.230769231",1,0,"1.296153846","0.192307692","0.715384615","0.642307692","0.457692308",0,"0.180769231","0.365384615","0.073076923",0,"1.353846154","1.019230769","0.35","0.303846154","0.980769231","1.153846154","22.59230769","73.58846154","0.484615385","0.538461538","0.415384615","No"
0,6,12,"0.176470588","0.352941176",4,0,"2.9",2,"1.3","1.7","0.7",0,"0.7","1.3","0.1",0,"2.5","1.5","1.9","0.1","1.3","1.2","54.6","70.9","0.9","2.7","0.4","No"
15,1,2,"0.043478261","0.086956522",0,0,1,"0.2","0.3","0.2","0.7",0,"0.3","0.3",0,0,"0.3","0.1",1,"0.3","0.9","0.9","6.3","80.6","0.4","0.1",0,"No"
2,3,1,"0.115384615","0.038461538",6,0,"1.6",1,"0.9",1,"1.1","0.1","0.4","1.1","0.1",0,"1.3","2.6","1.3","0.3","2.8","0.8","30.1","76.5","1.4","1.1","0.2","No"
3,7,5,"0.170731707","0.12195122",3,0,"1.668292683","1.743902439","0.856097561","0.463414634","1.185365854",0,"1.297560976","0.392682927","0.092682927",0,"0.856097561","0.370731707","1.463414634","0.485365854","1.741463415","1.834146341","23.46097561","67.13902439","0.27804878","0.27804878",0,"No"
7,6,5,"0.166666667","0.138888889",7,1,"1.133333333","0.416666667","1.633333333","2.216666667","2.133333333",0,"0.25","0.416666667","0.033333333",0,"0.95","0.966666667","1.05","0.166666667","1.383333333","1.45","26.33333333","77.78333333","0.45","0.75","0.166666667","No"
9,1,6,"0.03125","0.1875",1,0,"2.065625","0.51875","1.059375","1.059375","1.18125",0,"0.059375","0.440625",0,0,"1.8625",1375,"2.35625","0.2","2.165625","1.3375","27.28125","73.915625","1.015625","1.971875","0.5","No"
3,6,6,"0.230769231","0.230769231",4,0,"1.469230769","1.638461538","0.769230769","0.246153846","1.484615385",0,"0.415384615","0.146153846","0.046153846",0,"1.015384615","0.261538462","1.823076923","0.853846154","2.715384615","1.915384615","18.94615385","71.53076923",0,"0.476923077","0.369230769","No"
7,7,4,"0.2","0.114285714",5,0,"2.7","0.9","2.3","2.9","1.1",0,"0.2","0.7",0,0,"1.2","0.9","0.9","0.4","1.4","0.9","26.5",73,"0.9","0.9","0.1","No"
5,13,5,"0.40625","0.15625",1,0,"2.15","2.04375","1.03125","0.284375","1.496875",0,"0.421875","0.315625","0.084375",0,"1.190625","1.496875","1.328125","0.746875","1.75","1.590625","25.103125",76725,"0.084375","1.128125","0.253125","No"
10,4,7,"0.121212121","0.212121212",0,1,"1.309090909","0.115151515","1.006060606","0.715151515","0.36969697",0,"0.084848485","0.284848485",0,0,"1.315151515","1.43030303","0.745454545","0.260606061","1.83030303","1.818181818","21.81818182","84.54848485","0.084848485",0,"0.115151515","No"
13,0,2,0,"0.0625",7,0,1,"0.8","3.6","1.3","2.3",0,"1.4","1.1","0.1",0,"0.6","0.9","2.2","0.1","1.4","0.8",26,"79.1","0.3","1.7","0.1","No"
12,2,0,"0.166666667",0,0,0,"0.416666667","0.083333333","0.416666667","0.5","0.833333333",0,"0.166666667","0.5",0,0,"0.25","0.75","0.416666667","0.166666667","0.666666667","0.666666667","6.833333333","74.25","0.083333333",0,0,"No"
1,3,1,"0.09375","0.03125",5,0,"0.5","0.5","2.5","1.7",2,"0.1","1.2","2.3","0.3",0,"0.7","0.8","1.4","0.1","1.1","0.5","37.1","81.9","0.1","2.3","0.1","No"
24,8,3,"0.235294118","0.088235294",2,1,"1.382352941","0.629411765","1.052941176","0.747058824","0.623529412",0,"0.382352941","0.335294118","0.088235294",0,"0.535294118","0.8","0.5","0.247058824","0.641176471","0.670588235","18.28823529","83.61764706","0.282352941","1.052941176",0,"No"
1,0,0,0,0,5,0,"0.6","0.8","3.3","4.6","1.6","0.1","0.7","1.9","0.2",0,"0.1","0.3","2.6",0,"0.8","0.3",40,"74.4",0,"5.1","0.1","No"
7,12,7,"0.342857143","0.2",2,0,"2.3","0.4",1,"1.4","1.2",0,"0.1","0.1",0,0,"1.2","0.8","2.1","0.7","1.7","1.3","24.3","79.7","0.7","0.9","0.1","No"
1,4,3,"0.117647059","0.088235294",9,0,"1.623529412","0.741176471","3.358823529","3.058823529","1.382352941","0.088235294",2,"1.329411765","0.176470588",0,"1.3","1.182352941","1.117647059",0,"1.617647059","1.147058824","62.82941176","81.58823529","0.705882353","6.035294118","0.323529412","No"
14,2,0,"0.083333333",0,4,0,1,1,"0.3","0.2","1.1",0,"0.4","0.1",0,0,"0.4","0.2","1.3","0.8","1.3",1,"11.4","77.4",0,"0.1",0,"No"
3,3,4,"0.088235294","0.117647059",6,0,"1.6","2.6","2.9","1.6","2.6","0.1",2,"0.8","0.2",0,"0.7","0.3","0.7","0.5",2,"0.9","52.6","79.7","0.1","2.4",0,"No"
3,9,20,"0.1875","0.416666667",1,0,"2.3","0.1375","1.3875",1025,"0.85",0,"0.3125",675,25,0,"2.6625",1175,"1.1375","0.2125","1.6375",1325,"56.0625","86.8125","0.75","1.5125","0.5","No"
1,2,1,"0.060606061","0.03030303",10,0,"0.3","0.5","3.4","3.7","1.8",0,"0.9","2.2","0.1",0,"0.6","0.2","1.2",0,"0.6","0.7","54.7","82.9","0.2","5.6",0,"No"
3,1,3,"0.03125","0.09375",5,0,"1.090625","0.090625","1.54375","2.11875","0.753125",0,"0.090625","0.8875",0,0,"1.271875","1.66875","1.3375","0.090625","0.971875","1.159375","34.60625","73.534375","0.271875","1.246875","0.3","No"
2,3,2,"0.103448276","0.068965517",4,1,"0.762068966","0.537931034","3.05862069","2.237931034","1.282758621",0,"0.910344828","1.910344828","0.210344828",0,"0.837931034","1.179310345","1.3","0.031034483",1,"0.713793103","34.8862069","78.9137931","0.210344828","2.451724138","0.120689655","No"
2,9,5,225,125,2,0,"2.21",95,2115,2495,475,0,"0.31","0.5","0.19",0,"2.09",1235,2185,0,"2.33",1425,56175,85125,"1.52","7.03","0.31","No"
0,1,12,"0.024390244","0.292682927",13,0,"0.331707317","0.751219512","3.275609756","1.985365854","2.1","0.134146341","1.336585366","1.348780488","0.317073171",1,"1.229268293","0.768292683","1.202439024",0,"1.736585366","1.017073171","64.01707317","84.12926829","0.1","3.470731707","0.597560976","No"
14,2,3,"0.08","0.12",7,0,"1.2","0.4","1.3","1.2","0.8",0,"0.1","0.5",0,0,"1.2","0.1","0.6","0.2","1.5","0.8","22.7","81.5","0.6","1.6","0.1","No"
2,0,8,0,"0.166666667",11,1,"0.333333333","0.6","2.541666667","1.591666667","0.866666667",275,2275,"0.891666667","0.466666667",0,"0.708333333",325,"1.1","0.183333333","0.958333333",825,"41.36666667","87.45833333","0.433333333","2.058333333","0.066666667","No"
7,6,14,"0.142857143","0.333333333",8,0,"1.614285714","0.321428571","0.742857143","0.835714286","1.314285714",0,"0.1","0.685714286",0,0,"2.942857143","1.021428571","2.85","0.221428571","2.821428571","1.6","40.56428571","85.48571429","2.307142857","1.407142857","0.157142857","No"
0,4,2,"0.121212121","0.060606061",7,0,"0.8","0.2","1.7",2,"0.9","0.2","2.3","0.3","0.4",0,2,"0.8","0.9","0.2","0.8","0.7","40.6","76.5",2,"2.2",0,"No"
0,3,3,"0.166666667","0.166666667",0,1,"2.3","0.6","1.6","1.6","0.7",0,"0.6","1.7",0,0,"2.7","2.6","2.4","0.4","2.2","0.8","44.2","78.7","1.2","2.5","0.2","No"
0,1,1,"0.033333333","0.033333333",9,0,"0.2",1,"2.5","3.1","2.1","0.3","2.8","0.8","0.3",0,"0.7","0.5","1.6",0,"1.1","0.8",36,"81.3","0.5","1.1","0.1","No"
3,1,2,"0.043478261","0.086956522",3,1,"0.2","0.7","2.7","2.1","1.2","0.2","1.3","1.3","0.1",0,"0.7","0.7","1.3",0,"0.8","0.6","30.6","69.3","0.9","2.8","0.1","No"
1,0,2,0,"0.111111111",2,0,0,"0.7","2.9","3.3","1.1","0.4","2.2","0.7","0.5",0,"0.7","0.9","1.1","0.2",1,"0.8","37.5","74.2","0.5","1.7",0,"No"
7,1,1,"0.033333333","0.033333333",3,0,"0.8","0.8","2.9","2.1","2.1",0,"1.8",1,"0.3",0,"0.6","1.2","2.3",0,"1.1","0.8","30.8","80.2","0.2",1,"0.1","No"
0,2,0,"0.046511628",0,12,1,"0.38372093","1.202325581","2.269767442","2.353488372","0.888372093","0.909302326","4.360465116","0.755813953","0.641860465",0,"0.337209302","0.309302326","1.425581395","0.134883721","0.311627907","0.202325581","50.00697674","82.99302326","0.020930233","6.520930233",0,"No"
6,6,9,"0.15",225,2,1,1855,75,"0.52",705,545,0,"0.15",435,75,0,"2.42",785,"0.45","0.18","1.96",1255,"53.83",90645,"1.37","1.51",405,"No"
7,0,1,0,"0.045454545",5,1,"0.163636364","0.954545455","1.327272727","0.663636364","0.809090909","0.709090909","2.3","0.545454545","0.472727273",0,"0.245454545","0.545454545","0.463636364","0.081818182","0.381818182","0.581818182","33.78181818","89.07272727","0.136363636","1.381818182","0.081818182","No"
12,13,8,"0.333333333","0.205128205",4,0,"2.4","0.712820513","0.728205128","0.748717949","0.948717949",0,"0.251282051","0.261538462","0.112820513",0,"1.205128205","0.348717949","1.148717949","0.374358974","1.276923077","1.4","31.23076923","78.12051282","0.174358974","2.235897436","0.538461538","No"
1,2,3,"0.074074074","0.111111111",8,1,"0.9","1.7",2,"3.2","1.6","0.4","3.7","0.4","0.7",1,"0.2","0.2","0.4","0.2","0.1","0.2","2.7","70.1",0,"3.9",0,"No"
8,17,1,"0.53125","0.03125",0,0,"2.5","1.4","0.6","0.8","1.6",0,"0.7","0.2","0.1",0,"0.7","0.4","0.9","0.7","1.6","1.7","20.2",68,0,"0.3",0,"No"
0,3,1,"0.090909091","0.03030303",6,0,"0.636363636","1.990909091","1.7","2.345454545","1.509090909","0.945454545","8.409090909","0.5","0.581818182",0,"0.3",0,"0.536363636",0,"0.2","0.081818182","40.01818182","82.82727273",0,"4.818181818",0,"No"
0,19,5,"0.59375","0.15625",6,1,"2.2","1.8","1.4","0.7","1.4",0,"0.4","0.7",0,0,"1.5","1.2","2.1","1.4","2.5","2.1","35.9","79.1","0.5","1.3","0.5","No"
5,6,2,"0.25","0.083333333",3,1,2125,"0.266666667","1.45","1.016666667","0.7875",0,"0.108333333","0.483333333","0.066666667",0,"0.891666667",1125,"1.354166667","0.304166667","1.104166667","1.658333333","25.65416667","77.90416667","0.3875","0.758333333","0.404166667","No"
2,16,2,"0.470588235","0.058823529",1,0,"3.2","1.8","0.4","0.5","0.8",0,"0.6","0.4","0.2",0,"0.6","0.6","1.6","0.8","2.5","2.6","22.7","74.1",0,"0.5","0.1","No"
12,6,1,"0.230769231","0.038461538",2,1,"1.4","0.9","0.4","0.3","0.8",0,"0.2","0.2",0,0,1,"0.2","0.9","0.5","0.9","0.8","13.4","71.1",0,"0.2","0.1","No"
4,7,2,"0.205882353","0.058823529",2,0,"2.6","1.7","0.6","0.4","2.2",0,"0.7","0.2","0.1",0,"1.3","0.8","0.9","0.7","2.6","1.5","21.8",71,"0.3","0.4","0.2","No"
2,6,2,"0.222222222","0.074074074",6,0,3,"0.9","0.4","0.4","1.6",0,"0.1","0.1",0,0,"0.9","0.5","1.6","0.6","2.7","3.1","22.3","74.9","0.1","0.6","0.2","No"
10,8,1,"0.235294118","0.029411765",2,0,"1.158823529","2.194117647","0.688235294","0.752941176","1.658823529",0,"0.658823529","0.376470588","0.094117647",0,"0.782352941","0.282352941","1.223529412","0.941176471","1.317647059","2.288235294","18.91764706","71.21764706","0.094117647","0.376470588",0,"No"
15,11,1,"0.423076923","0.038461538",2,0,"2.5",0,"0.673076923","0.192307692","0.480769231",0,"0.096153846","0.192307692",0,0,"0.576923077","0.673076923","0.480769231","0.480769231","0.961538462","1.346153846","11.23076923","81.25",0,"0.192307692","0.096153846","No"
7,5,3,"0.172413793","0.103448276",2,0,"1.8","1.9","0.7","0.5",2,0,"0.5","0.7","0.1",0,"0.7","0.9","1.6","0.7","1.3","1.3",15,"63.1",0,"0.2",0,"No"
8,19,2,"0.441860465","0.046511628",4,0,"2.748837209","0.681395349","0.351162791","0.23255814","1.06744186",0,"0.23255814","0.08372093","0.1",0,"0.7","0.4","1.202325581","1.113953488","1.762790698","1.78372093","18.85813953","78.99767442","0.08372093","0.818604651","0.1","No"
19,12,9,"0.255319149","0.191489362",7,1,"2.259574468","0.761702128","0.89787234","0.353191489","1.131914894",0,"0.085106383","0.378723404",0,0,"1.085106383","1.217021277","1.004255319","0.417021277","1.974468085","1.859574468","16.48085106","73.45106383","0.289361702","0.289361702","0.089361702","No"
0,2,0,"0.076923077",0,4,0,"0.546153846","1.746153846","1.053846154","1.407692308","1.207692308","0.715384615","5.561538462","0.084615385","0.5",0,"0.123076923",0,"0.753846154",0,"0.169230769","0.215384615","39.67692308","88.23846154",0,"2.238461538",0,"No"
8,7,0,"0.269230769",0,4,0,"1.5","0.5","2.3","1.4",1,0,"0.4","1.4","0.2",0,"0.7","1.1","1.5","0.5","1.3",1,"15.9","82.8","0.1","0.2",0,"No"
3,2,2,"0.055555556","0.055555556",6,0,"1.6","0.5","3.1","0.9","1.3",0,"0.6","0.4","0.2",0,"1.4","2.2","1.8","0.1",2,"1.1","46.7","88.6","0.1","1.3","0.1","No"
8,17,4,"0.404761905","0.095238095",6,0,"2.028571429","3.938095238","1.123809524","0.938095238","2.352380952",0,"1.20952381","1.128571429","0.080952381",0,"0.842857143","0.828571429","2.571428571","1.042857143","1.461904762","2.123809524","24.22380952","67.05714286","0.080952381","0.4","0.138095238","No"
0,3,1,"0.069767442","0.023255814",10,1,"0.669767442","2.134883721","1.411627907","2.551162791","1.337209302","0.751162791","4.118604651","0.318604651","0.472093023",0,"0.230232558","0.558139535",1,"0.153488372","0.346511628","0.527906977","49.28604651","82.75581395","0.076744186","6.460465116",0,"No"
7,4,3,"0.285714286","0.214285714",1,0,"2.392857143","0.185714286","0.742857143","0.278571429","0.628571429",0,"0.092857143","0.464285714","0.092857143",0,"2.321428571","0.928571429","0.928571429","0.278571429","1.928571429","1.3","29.1","84.67857143",0,"0.928571429","0.371428571","No"
1,2,5,"0.064516129","0.161290323",12,1,"1.4","0.5","3.4","3.4","2.8",0,"0.5",1,"0.1",1,"2.1","0.2","1.2",0,"1.3","1.2","54.2","81.4","1.7","5.8","0.1","No"
7,2,6,"0.045454545","0.136363636",5,0,"1.445454545","0.572727273","2.890909091","1.981818182","1.818181818",0,"0.845454545","0.918181818","0.1",0,"1.009090909","0.581818182","1.509090909",0,"1.1","0.990909091","48.03636364","85.84545455","0.154545455","6.872727273","0.263636364","No"
1,3,8,"0.1","0.266666667",7,0,"2.1","0.1","1.8","1.2","1.2",0,"0.3","1.1","0.1",0,"2.5","1.2","1.2",0,"1.9","0.9","59.2","86.8","0.8",3,"0.6","No"
0,1,4,"0.020833333","0.083333333",5,0,"0.45625","0.522916667","2.49375","2.689583333","0.547916667","0.220833333","1.139583333","1.395833333",175,0,"1.195833333","1.21875","0.897916667",0,775,"0.295833333","74.51458333","90.59166667","0.408333333","6.5625","0.089583333","No"
3,10,6,"0.322580645","0.193548387",2,0,"2.180645161","2.722580645","0.661290323","0.3","1.006451613",0,"1.090322581","0.3","0.3",0,"1.151612903","0.180645161","1.119354839","0.841935484","2.029032258","2.203225806","31.16774194","74.10967742","0.270967742","1.64516129","0.090322581","No"
0,1,0,"0.03030303",0,13,2,"0.727272727","1.818181818",3,"3.209090909","2.181818182","0.845454545","4.909090909","0.818181818","0.754545455",0,"0.454545455","1.636363636","1.845454545",0,"0.845454545","0.545454545","32.3","76.57272727","0.181818182","2.727272727",0,"No"
16,5,0,"0.185185185",0,0,0,"1.4","0.4","0.7","0.6","0.6",0,"0.1","0.7",0,0,"0.5","1.4","0.7","0.3","1.2","0.9","13.7","78.4","0.1","0.4",0,"No"
7,1,2,"0.026315789","0.052631579",5,1,"0.484210526","0.671052632","2.560526316","2.226315789","1.547368421","0.457894737","1.976315789","1.368421053","0.128947368","0.3","0.568421053","0.771052632","0.528947368",0,"0.855263158","0.715789474","38.32368421","83.58947368","0.771052632","1.610526316",0,"No"
0,3,0,"0.12",0,5,1,"0.5","1.7","5.3","5.3","1.3",0,"1.2","1.5","0.4",0,"0.3","0.7","1.7","0.1","0.9","0.6","50.5","78.9","0.2",3,0,"No"
